,Agency,Base Pay,Other Pay,Overtime Pay,Total Pay,Benefits,Total Pay & Benefits,City,Latitude,Longitude
0,Ontario-Montclair,355285,197112,0,552397,167573,719970,Montclair,34.077511,-117.689778
1,Wheatland Union High,233539,10099,0,243639,342424,586063,Wheatland,39.009894,-121.423014
2,Corona-Norco Unified,398979,57050,0,456029,80208,536238,Corona,33.875294,-117.566439
3,Corona-Norco Unified,252334,39041,0,291375,52337,343713,Corona,33.875294,-117.566439
4,College of the Desert,399006,60457,0,459463,66557,526020,Palm Desert,33.722244,-116.374456
5,Desert Sands Unified,285000,23443,0,308443,39531,347974,Palm Desert,33.722244,-116.374456
6,Sequoia Union High,192784,259544,0,452329,66560,518889,Redwood City,37.485214,-122.236356
7,Redwood City Elementary,230592,15691,0,246283,67159,313443,Redwood City,37.485214,-122.236356
8,Stockton Unified,141625,338083,0,479708,38827,518535,Stockton,37.957703,-121.290781
9,Stockton Unified,212940,37728,0,250669,63586,314255,Stockton,37.957703,-121.290781
10,Fremont Union High,409914,7970,0,417884,91355,509239,Fremont,37.548269,-121.988572
11,Fremont Unified,194052,0,0,194052,32572,226625,Fremont,37.548269,-121.988572
12,Elk Grove Unified,354818,34061,0,388879,115168,504047,Elk Grove,38.4088,-121.371617
13,Beaumont Unified,185804,269653,0,455457,48482,503939,Beaumont,33.929461,-116.977247
14,Twin Rivers Unified,364075,5266,0,369341,108961,478302,Riverbank,37.736039,-120.935489
15,Cajon Valley Union,335055,57464,0,392519,68167,460686,El Cajon,32.794772,-116.962528
16,El Dorado Union High,261902,0,0,261902,69115,331018,El Cajon,32.794772,-116.962528
17,Orange County Department of Education,364895,0,0,364895,85559,450454,Orange,33.787794,-117.853111
18,Orange Unified,320606,12542,0,333148,69470,402618,Orange,33.787794,-117.853111
19,Ocean View-Orange,238945,6000,0,244945,48814,293759,Orange,33.787794,-117.853111
20,North Orange County ROP-Adult,182038,7215,0,189253,42309,231562,Orange,33.787794,-117.853111
21,Tustin Unified,359076,6995,0,366071,79354,445425,Tustin,33.74585,-117.826167
22,Redondo Beach Unified,360328,2401,0,362729,80518,443247,Redondo Beach,33.849183,-118.388408
23,Citrus College,351010,7020,0,358030,83943,441973,Citrus Heights,38.707125,-121.281061
24,San Diego County Office of Education,344103,15954,0,360057,79743,439800,San Diego,32.715328,-117.157256
25,San Leandro Unified,354061,25651,0,379712,59898,439611,San Leandro,37.724931,-122.156078
26,Livermore Valley Joint Unified,339550,17009,0,356559,79355,435915,Livermore,37.681875,-121.768008
27,Oakland Unified,327295,29633,0,356929,71554,428483,Oakland,37.804364,-122.271114
28,Santa Barbara City College,318930,36500,0,355430,71764,427195,Santa Barbara,34.420831,-119.698189
29,Hope Elementary-Santa Barbara,185768,0,0,185768,41569,227337,Santa Barbara,34.420831,-119.698189
30,Fresno Unified,332377,18625,0,351002,75384,426386,Fresno,36.746842,-119.772586
31,Santa Rosa Junior College,324017,17280,0,341297,80011,421308,Santa Rosa,38.440467,-122.714431
32,Santa Rosa City Schools,223986,45301,0,269288,41414,310702,Santa Rosa,38.440467,-122.714431
33,Santa Clara County Office of Education,352827,26710,0,379537,41166,420703,Santa Clara,37.354108,-121.955236
34,Santa Clara Unified,277750,20287,0,298037,71043,369080,Santa Clara,37.354108,-121.955236
35,Mountain View-Los Altos Union High,306712,40108,0,346821,71946,418768,Los Altos,33.796331,-118.118119
36,Los Altos Elementary,247263,43262,0,290525,63287,353812,Los Altos,33.796331,-118.118119
37,Irvine Unified,351386,3490,0,354876,62902,417778,Irvine,33.683947,-117.794694
38,Long Beach City College,76511,318639,0,395150,22070,417220,Long Beach,33.768322,-118.195617
39,Long Beach Unified,279304,5412,0,284716,73433,358150,Long Beach,33.768322,-118.195617
40,Long Beach Unified,168781,87300,0,256081,46461,302542,Long Beach,33.768322,-118.195617
41,Long Beach City College,223347,0,0,223347,59275,282622,Long Beach,33.768322,-118.195617
42,Walnut Valley Unified,323494,13049,0,336543,78868,415412,Walnut,34.020289,-117.865339
43,Walnut Creek Elementary,206435,44236,0,250671,35957,286628,Walnut,34.020289,-117.865339
44,Bakersfield City,289388,49941,0,339329,75496,414825,Bakersfield,35.373292,-119.018711
45,Placentia-Yorba Linda Unified,334839,0,0,334839,78263,413102,Placentia,33.872236,-117.870336
46,Los Angeles County Office of Education,336349,18553,0,354902,57004,411906,Los Angeles,34.052233,-118.243686
47,Mountain View Elementary-Los Angeles,215486,3016,0,218502,45664,264166,Los Angeles,34.052233,-118.243686
48,West Covina Unified,313135,17210,0,330345,79960,410305,Covina,34.090008,-117.890339
49,Covina-Valley Unified,273754,46465,0,320219,50119,370338,Covina,34.090008,-117.890339
50,Covina-Valley Unified,186725,7612,0,194337,39680,234017,Covina,34.090008,-117.890339
51,Rialto Unified,283397,64180,0,347577,60074,407651,Rialto,34.1064,-117.370325
52,Arcadia Unified,308403,43200,0,351603,53255,404858,Arcadia,34.139728,-118.035344
53,Downey Unified,297515,23844,0,321359,78550,399909,Downey,33.940014,-118.132569
54,Glendale Unified,310000,18500,0,328500,70866,399366,Glendale,34.142508,-118.255075
55,Lake Elsinore Unified,271341,59525,0,330866,66866,397732,Lake Elsinore,33.668078,-117.327261
56,Sacramento City Unified,314392,0,0,314392,81599,395992,Sacramento,38.581572,-121.4944
57,Claremont Unified,316929,0,0,316929,76966,393895,Claremont,34.096675,-117.719778
58,Whittier Union High,292924,3228,0,296153,95792,391945,Whittier,33.979178,-118.032844
59,East Whittier City Elementary,250450,15813,0,266263,63318,329581,Whittier,33.979178,-118.032844
60,South Whittier Elementary,225545,23178,0,248723,63159,311882,Whittier,33.979178,-118.032844
61,Whittier City Elementary,234443,5861,0,240304,61841,302145,Whittier,33.979178,-118.032844
62,Huntington Beach Union High,314885,2000,0,316885,75046,391931,Huntington Beach,33.660297,-117.999225
63,Huntington Beach City Elementary,167433,144391,0,311824,43129,354953,Huntington Beach,33.660297,-117.999225
64,Winton,262330,4638,0,266968,51011,317979,Huntington Beach,33.660297,-117.999225
65,Palo Alto Unified,313635,0,0,313635,78241,391876,Palo Alto,37.441883,-122.143019
66,Palo Verde College,250071,0,0,250071,66170,316241,Palo Alto,37.441883,-122.143019
67,Santa Ana Unified,322245,14570,0,336815,54307,391122,Santa Ana,33.745572,-117.867833
68,Pasadena Unified,270962,21500,0,292463,98448,390911,Pasadena,34.147786,-118.144517
69,South Pasadena Unified,265089,13200,0,278289,59507,337796,Pasadena,34.147786,-118.144517
70,Chula Vista Elementary,311680,13686,0,325366,60607,385973,Chula Vista,32.640053,-117.084197
71,Poway Unified,312084,0,0,312084,73872,385956,Poway,32.962822,-117.035864
72,Manteca Unified,284070,21000,0,305070,79922,384992,Manteca,37.797428,-121.216053
73,Rio Hondo College,277750,21954,0,299704,82102,381807,Rio Dell,40.4993,-124.106436
74,Rio Elementary,211635,0,0,211635,64147,275782,Rio Dell,40.4993,-124.106436
75,San Ramon Valley Unified,243990,82979,0,326969,53341,380310,San Ramon,37.779928,-121.978014
76,San Mateo Union High,322400,4200,0,326600,53599,380199,San Mateo,37.562992,-122.325525
77,San Mateo County Office of Education,235428,16368,0,251796,93062,344859,San Mateo,37.562992,-122.325525
78,Jefferson Elementary-San Mateo,246476,6000,0,252476,67292,319769,San Mateo,37.562992,-122.325525
79,Cerritos College,307894,19752,0,327646,51225,378871,Cerritos,33.858347,-118.064786
80,San Francisco Unified,309999,0,0,309999,68711,378711,San Francisco,37.774931,-122.419417
81,Culver City Unified,242310,77215,0,319525,59186,378711,Culver City,34.021122,-118.396467
82,Pomona Unified,295991,8879,0,304870,71731,376602,Pomona,34.055228,-117.752306
83,Chino Valley Unified,284792,35691,0,320483,56048,376531,Chino,34.012236,-117.688944
84,Newport-Mesa Unified,292452,10200,0,302652,73047,375699,Costa Mesa,33.641133,-117.918669
85,Napa Valley Unified,309833,17320,0,327154,47183,374337,Napa,38.297539,-122.286864
86,Napa County Office of Education,275207,5520,0,280727,74921,355648,Napa,38.297539,-122.286864
87,Napa Valley College,246588,37187,0,283775,49104,332880,Napa,38.297539,-122.286864
88,Mountain View Whisman,305980,2000,0,307980,65863,373843,Mountain View,37.386053,-122.08385
89,Mountain View Elementary-San Bernardino,210337,8270,0,218607,35125,253732,Mountain View,37.386053,-122.08385
90,Union Elementary,304570,1800,0,306370,66570,372941,Union City,37.593392,-122.043831
91,Reed Union Elementary,269725,1699,0,271425,63205,334631,Union City,37.593392,-122.043831
92,Sweetwater Union High,224592,53734,0,278326,51330,329656,Union City,37.593392,-122.043831
93,Hart-Ransom Union Elementary,202184,4500,0,206684,43192,249876,Union City,37.593392,-122.043831
94,Pleasanton Unified,304179,14692,0,318872,53467,372339,Pleasanton,37.662431,-121.874678
95,Baldwin Park Unified,281502,13200,0,294702,77622,372324,Baldwin Park,34.085286,-117.960897
96,Las Lomitas Elementary,283185,19670,0,302855,68312,371168,Lomita,33.792239,-118.315072
97,Compton Unified,271067,43090,0,314157,56884,371041,Compton,33.89585,-118.220072
98,Garden Grove Unified,298016,2435,0,300451,69800,370251,Garden Grove,33.773906,-117.941447
99,Fullerton Elementary,279043,21190,0,300233,67800,368033,Fullerton,33.870292,-117.925339
100,Fullerton Joint Union High,285406,4559,0,289965,73436,363401,Fullerton,33.870292,-117.925339
101,San Jose Unified,275313,8679,0,283992,83309,367301,San Jose,37.339386,-121.894956
102,Fairfield-Suisun Unified,279512,0,0,279512,87518,367030,Fairfield,38.249358,-122.039967
103,Alvord Unified,271364,0,0,271364,49030,320394,Fairfield,38.249358,-122.039967
104,Riverside Unified,300397,0,0,300397,64794,365191,Riverside,33.95335,-117.396156
105,Riverside County Office of Education,283005,8250,0,291255,59680,350935,Riverside,33.95335,-117.396156
106,Riverside County Office of Education,281302,1850,0,283152,57733,340885,Riverside,33.95335,-117.396156
107,San Bernardino County Office of Education,289966,8300,0,298266,65161,363427,San Bernardino,34.108344,-117.289764
108,San Dieguito Union High,275323,0,0,275323,63992,339315,San Bernardino,34.108344,-117.289764
109,Del Mar Union Elementary,289235,13000,0,302235,59756,361991,Del Mar,32.959489,-117.265314
110,Menlo Park City Elementary,263351,42553,0,305905,53769,359675,Menlo Park,37.453828,-122.182186
111,Anaheim Elementary,289785,0,0,289785,68060,357845,Anaheim,33.835292,-117.914503
112,Anaheim Union High,269089,8236,0,277325,63257,340582,Anaheim,33.835292,-117.914503
113,Lynwood Unified,199583,59093,0,258676,98850,357527,Lynwood,33.930292,-118.211461
114,Gavilan College,285558,7800,0,293358,63415,356773,Lincoln,38.891564,-121.293008
115,Lincoln Unified,227718,6000,0,233718,57150,290868,Lincoln,38.891564,-121.293008
116,Los Alamitos Unified,277309,18043,0,295352,59982,355334,Los Alamitos,33.803072,-118.072564
117,Beverly Hills Unified,286761,9000,0,295761,58387,354148,Beverly Hills,34.073619,-118.400356
118,Palos Verdes Peninsula Unified,292444,1200,0,293644,57384,351028,Dos Palos,36.986058,-120.626572
119,Dos Palos Oro Loma Joint Unified,178495,2499,0,180994,45129,226123,Dos Palos,36.986058,-120.626572
120,Laguna Beach Unified,273768,3000,0,276768,73532,350300,Laguna Beach,33.542247,-117.783111
121,Paramount Unified,293505,1000,0,294505,55687,350192,Paramount,33.889461,-118.159792
122,Alhambra Unified,276744,24765,0,301509,47029,348538,Alhambra,34.095286,-118.127014
123,Dry Creek Joint Elementary,237074,48526,0,285600,61361,346962,Sutter Creek,38.392967,-120.802436
124,San Joaquin County Office of Education,264681,10672,0,275354,69976,345330,San Joaquin,36.606617,-120.189044
125,San Joaquin Delta College,258302,4272,0,262574,77026,339601,San Joaquin,36.606617,-120.189044
126,Alameda County Office of Education,291864,4200,0,296064,49166,345231,Alameda,37.765206,-122.241636
127,Alameda Unified,234166,7580,0,241747,47005,288752,Alameda,37.765206,-122.241636
128,Hillsborough City Elementary,258768,18385,0,277153,66944,344098,Amador City,38.419356,-120.824103
129,Sunnyvale School District,269772,20821,0,290593,53345,343938,Sunnyvale,37.368831,-122.03635
130,Sunnyvale School District,174100,99509,0,273609,48885,322494,Sunnyvale,37.368831,-122.03635
131,Centralia Elementary,268446,26947,0,295393,48291,343684,Hemet,33.747519,-116.971967
132,Savanna Elementary,276320,13086,0,289406,53809,343215,Hemet,33.747519,-116.971967
133,Franklin-McKinley Elementary,247572,6000,0,253572,71734,325306,Hemet,33.747519,-116.971967
134,Magnolia Elementary,256425,7200,0,263625,57537,321162,Hemet,33.747519,-116.971967
135,Hemet Unified,230685,6000,0,236685,33063,269748,Hemet,33.747519,-116.971967
136,Mt San Jacinto College,265151,5242,0,270393,72254,342647,San Jacinto,33.783908,-116.958636
137,Oceanside Unified,268882,10686,0,279568,61675,341243,Oceanside,33.195869,-117.379483
138,ABC Unified,268760,19119,0,287879,52516,340395,Auburn,38.896564,-121.076889
139,Auburn Union Elementary,192801,0,0,192801,39588,232390,Auburn,38.896564,-121.076889
140,Lammersville Joint Unified,234572,26958,0,261530,77808,339339,Farmersville,36.297728,-119.206778
141,Antioch Unified,266572,15901,0,282474,56600,339075,Antioch,38.004922,-121.805789
142,Soledad Unified,247814,13169,0,260984,77982,338966,Soledad,32.991156,-117.271147
143,Soledad Unified,185146,6078,0,191224,67799,259023,Soledad,32.991156,-117.271147
144,Moreno Valley Unified,282556,0,0,282556,54654,337211,Moreno Valley,33.942467,-117.229672
145,Butte-Glenn Community College District,256661,9820,0,266481,70068,336549,Blue Lake,40.882908,-123.98395
146,Hacienda la Puente Unified,281444,0,0,281444,54371,335816,La Puente,34.020011,-117.949508
147,Palm Springs Unified,271617,0,0,271617,61640,333257,Palm Springs,33.830297,-116.545292
148,College of the Sequoias,249999,9000,0,258999,69765,328765,El Monte,34.068622,-118.027567
149,El Monte City,244445,6600,0,251045,62260,313305,El Monte,34.068622,-118.027567
150,El Monte Union High,214085,11617,0,225702,46863,272565,El Monte,34.068622,-118.027567
151,El Segundo Unified,252498,7802,0,260300,68060,328360,El Segundo,33.919181,-118.416464
152,Fontana Unified,250000,9615,0,259615,68616,328231,Fontana,34.092233,-117.435047
153,La Mesa-Spring Valley,251287,12000,0,263287,64907,328194,La Mesa,32.767828,-117.023083
154,Oro Grande,254685,27673,0,282358,45566,327924,Arroyo Grande,35.118586,-120.590725
155,Los Gatos-Saratoga Union High,260000,2760,0,262760,64739,327499,Saratoga,37.263833,-122.023014
156,Saratoga Union Elementary,249000,667,0,249667,70822,320490,Saratoga,37.263833,-122.023014
157,Mill Valley Elementary,268077,7200,0,275277,51485,326763,Mill Valley,37.906036,-122.544975
158,Cupertino Union,246678,31826,0,278504,46767,325271,Cupertino,37.322997,-122.032183
159,Cupertino Union,150246,51471,0,201717,34741,236459,Cupertino,37.322997,-122.032183
160,Temple City Unified,249333,25671,0,275004,49885,324889,Temple City,34.107231,-118.057847
161,Stanislaus County Office of Education,246024,2973,0,248997,75617,324614,Clayton,37.941033,-121.935792
162,Coachella Valley Unified,250000,9000,0,259000,63102,322102,Coachella,33.6803,-116.173894
163,Morgan Hill Unified,266834,4200,0,271034,50445,321479,Morgan Hill,37.1305,-121.654389
164,Lodi Unified,268296,8400,0,276696,44604,321300,Lodi,38.134147,-121.272219
165,Brea-Olinda Unified,261332,4751,0,266083,54975,321058,Brea,33.916681,-117.900061
166,Redlands Unified,245885,19473,0,265358,55440,320798,Redlands,34.055569,-117.182539
167,Clovis Unified,230000,33997,0,263997,56748,320745,Clovis,36.825228,-119.702919
168,Victor Valley Union High,257125,1500,0,258625,61557,320182,Fountain Valley,33.709186,-117.953669
169,Fountain Valley Elementary,254201,3600,0,257801,52462,310263,Fountain Valley,33.709186,-117.953669
170,Hesperia Unified,260689,591,0,261280,58655,319936,Hesperia,34.426389,-117.300878
171,Monterey County Office of Education,235845,5480,0,241325,78360,319685,Monterey,36.600239,-121.894675
172,Monterey Peninsula Unified,236755,14502,0,251257,51366,302623,Monterey,36.600239,-121.894675
173,North Monterey County Unified,200602,1135,20642,222379,68515,290895,Monterey,36.600239,-121.894675
174,Monterey Peninsula College,219855,3996,0,223851,57300,281151,Monterey,36.600239,-121.894675
175,South Monterey County Joint Union High,222500,7020,0,229520,49583,279103,Monterey,36.600239,-121.894675
176,Shasta College,260079,0,500,260579,58667,319246,Shasta Lake,40.680428,-122.370842
177,Shasta Union High,209856,0,0,209856,48390,258247,Shasta Lake,40.680428,-122.370842
178,La Habra City Elementary,268035,0,0,268035,50949,318984,La Habra,33.931958,-117.946172
179,Conejo Valley Unified,260139,0,0,260139,58757,318896,Grass Valley,39.219061,-121.061061
180,Saint Helena Unified,272125,20,0,272145,46550,318696,St. Helena,38.505242,-122.470386
181,Norwalk-La Mirada Unified,240738,14737,0,255475,62723,318199,La Mirada,33.917236,-118.012008
182,Ventura County Office of Education,245999,600,0,246599,71051,317650,Ventura,34.274639,-119.229006
183,Ocean View-Ventura,216732,36679,0,253411,47933,301344,Ventura,34.274639,-119.229006
184,Ventura Unified,229456,500,0,229956,53934,283890,Ventura,34.274639,-119.229006
185,Simi Valley Unified,254933,5057,0,259990,57185,317176,Simi Valley,34.269447,-118.781483
186,Escondido Union High,252706,0,0,252706,64316,317022,Escondido,33.119208,-117.086422
187,Escondido Union,245102,4800,0,249902,53234,303136,Escondido,33.119208,-117.086422
188,Moreland,258156,0,0,258156,58851,317008,Orland,39.747381,-122.196375
189,Lompoc Unified,254382,21996,0,276379,40326,316705,Lompoc,34.63915,-120.457942
190,Ohlone College,191738,74113,3834,269687,46024,315712,Ione,38.352692,-120.932717
191,Rocklin Unified,262107,1137,0,263245,51836,315081,Rocklin,38.790733,-121.235783
192,Hawthorne School District,232338,17119,0,249458,65335,314794,Hawthorne,33.916403,-118.352575
193,Monrovia Unified,236981,11716,0,248697,65545,314243,Monrovia,34.144428,-118.001947
194,Burbank Unified,248007,2661,0,250669,63380,314050,Burbank,34.180839,-118.308967
195,Roseville Joint Union High,244116,16937,0,261053,52935,313989,Roseville,38.752122,-121.288006
196,Roseville City Elementary,226114,7200,0,233314,63576,296890,Roseville,38.752122,-121.288006
197,Washington Unified-Yolo,230098,33578,0,263676,50060,313736,Arvin,35.2018,-118.833106
198,Davis Joint Unified,253231,12053,0,265285,48360,313645,Davis,38.544906,-121.740517
199,Charter Oak Unified,238948,9960,0,248908,64117,313025,Live Oak,36.983561,-121.980517
200,Live Oak Elementary,190662,0,0,190662,46902,237564,Live Oak,36.983561,-121.980517
201,Live Oak Unified,178818,0,0,178818,49884,228703,Live Oak,36.983561,-121.980517
202,Lancaster Elementary,240236,11020,0,251256,61709,312965,Lancaster,34.686786,-118.154164
203,Ceres Unified,239792,19260,0,259052,53734,312786,Ceres,37.594933,-120.957711
204,Fillmore Unified,228948,22694,0,251642,60680,312323,Fillmore,34.399164,-118.918153
205,Manhattan Beach Unified,242157,28956,0,271113,40648,311761,Manhattan Beach,33.884736,-118.410908
206,Tracy Joint Unified,231260,25458,0,256718,55021,311740,Tracy,37.73965,-121.425222
207,South San Francisco Unified,249000,20807,0,269807,41778,311586,South San Francisco,37.654656,-122.40775
208,San Marcos Unified,258775,7948,0,266723,44226,310949,San Marcos,33.143372,-117.166144
209,San Marino Unified,255888,7200,0,263088,47280,310368,San Marino,34.121397,-118.106458
210,Taft College,227384,20199,0,247584,62637,310221,Taft,35.142467,-119.456508
211,Kerman Unified,218143,43885,0,262028,47092,309121,Kerman,36.723558,-120.059878
212,Chico Unified,238553,108,0,238661,69923,308585,Chico,39.728494,-121.837478
213,Gilroy Unified,230468,21699,0,252168,56036,308204,Gilroy,37.005783,-121.568275
214,El Centro Elementary,229357,20486,0,249843,57193,307037,El Centro,32.792,-115.56305
215,Santa Maria Joint Union High,254625,0,0,254625,52333,306958,Santa Maria,34.953033,-120.435719
216,Santa Maria-Bonita,228916,6000,0,234916,51987,286904,Santa Maria,34.953033,-120.435719
217,Merced City Elementary,247428,1080,0,248508,57229,305737,Merced,37.302164,-120.482967
218,Merced City Elementary,36447,241110,0,277557,4685,282242,Merced,37.302164,-120.482967
219,Merced Union High,196504,18787,0,215291,45004,260295,Merced,37.302164,-120.482967
220,Sonoma County Office of Education,248984,5600,0,254584,51063,305647,Sonoma,38.291858,-122.458036
221,Sonoma Valley Unified,210860,5575,0,216436,43985,260421,Sonoma,38.291858,-122.458036
222,West Sonoma County Union High,180744,5400,0,186144,49278,235422,Sonoma,38.291858,-122.458036
223,Hayward Unified,134238,150228,0,284466,20443,304910,Hayward,37.668819,-122.080797
224,Vista Unified,260000,0,0,260000,43225,303225,Vista,33.200036,-117.242536
225,Santa Monica-Malibu Unified,237868,10800,0,248668,53863,302531,Malibu,34.005008,-118.810172
226,Murrieta Valley Unified,248268,1261,0,249529,52323,301852,Murrieta,33.553914,-117.213922
227,Pittsburg Unified,240000,13222,0,253222,48483,301705,Pittsburg,38.027975,-121.884681
228,Hueneme Elementary,222079,21576,0,243655,57532,301188,Port Hueneme,34.180728,-119.208158
229,San Mateo-Foster City,235522,20190,0,255712,45023,300735,Foster City,37.558547,-122.271078
230,Porterville Unified,235547,7375,0,242923,57544,300467,Porterville,36.065231,-119.016767
231,Brentwood Union Elementary,237053,2853,0,239907,60369,300276,Brentwood,34.057361,-118.480511
232,Tulare County Office of Education,254131,0,0,254131,46137,300268,Tulare,36.207728,-119.347339
233,Portola Valley Elementary,217499,2100,0,219599,78624,298224,Portola,39.810458,-120.469103
234,Patterson Joint Unified,242269,0,0,242269,55645,297915,Patterson,37.4716,-121.129656
235,Novato Unified,232714,8855,0,241569,54521,296090,Novato,38.107419,-122.569703
236,Larkspur-Corte Madera,234163,9999,0,244162,51865,296028,Larkspur,37.934092,-122.535253
237,Buena Park Elementary,220210,16243,0,236453,59484,295937,Buena Park,33.867514,-117.998117
238,Oakley Union Elementary,214825,33423,0,248248,46406,294655,Oakley,37.997422,-121.712453
239,Cabrillo Unified,207445,10515,0,217960,74713,292674,Camarillo,34.216394,-119.037603
240,Temecula Valley Unified,226420,15719,0,242139,50396,292535,Temecula,33.493639,-117.148364
241,Temecula Valley Unified,193953,43201,0,237154,38653,275807,Temecula,33.493639,-117.148364
242,Hilmar Unified,207858,32234,0,240092,51811,291903,Marina,36.684403,-121.802172
243,Perris Elementary,241004,0,0,241004,50456,291460,Perris,33.782519,-117.228647
244,Carlsbad Unified,247490,0,0,247490,43612,291102,Carlsbad,33.158092,-117.350594
245,Salinas Union High,231415,0,0,231415,59540,290956,Salinas,36.677736,-121.6555
246,Berkeley Unified,231165,750,0,231915,58930,290845,Berkeley,37.871592,-122.272747
247,Encinitas Union Elementary,229812,22387,0,252199,38193,290392,Encinitas,33.036986,-117.291983
248,Colton Joint Unified,233508,2187,0,235695,54336,290031,Colton,34.073903,-117.313656
249,Scotts Valley Unified,229606,2065,0,231671,57849,289521,Scotts Valley,37.051061,-122.014683
250,Cotati-Rohnert Park Unified,226763,5624,0,232387,56979,289367,Cotati,38.327778,-122.709167
251,Piedmont City Unified,229475,0,0,229475,59611,289086,Piedmont,37.824372,-122.231636
252,Chowchilla Elementary,224006,13906,0,237913,49524,287438,Chowchilla,37.123,-120.260175
253,Santee School District,210058,34912,0,244970,42055,287025,Santee,32.838383,-116.973917
254,Westminster School District,238309,0,0,238309,48263,286572,Westminster,33.751342,-117.993992
255,Rosemead Elementary,198744,23741,0,222485,63644,286129,Rosemead,34.080564,-118.072847
256,Oxnard School District,235000,0,0,235000,50973,285973,Oxnard,34.197506,-119.177053
257,Oxnard Union High,199266,1936,0,201202,49048,250251,Oxnard,34.197506,-119.177053
258,Yucaipa-Calimesa Joint Unified,228842,2756,0,231598,52818,284416,Calimesa,34.003903,-117.061975
259,Imperial Valley College,210000,15995,0,225995,56602,282598,Imperial,32.847553,-115.569439
260,Imperial Unified,207724,477,0,208201,54089,262291,Imperial,32.847553,-115.569439
261,Woodland Joint Unified,235389,0,0,235389,46529,281918,Woodland,38.678517,-121.773297
262,Cypress Elementary,232751,0,0,232751,48973,281724,Cypress,37.320531,-121.962242
263,Delano Union Elementary,223625,2633,0,226258,54669,280927,Delano,35.768842,-119.247053
264,Delano Joint Union High,209150,12336,0,221486,50775,272262,Delano,35.768842,-119.247053
265,Lafayette Elementary,225773,6089,0,231862,46097,277959,Lafayette,37.885758,-122.118019
266,Alta Loma Elementary,237644,0,0,237644,39713,277357,Loma Linda,34.048347,-117.261153
267,Loma Prieta Joint Union Elementary,211124,0,0,211124,37720,248845,Loma Linda,34.048347,-117.261153
268,Turlock Unified,220701,3000,0,223701,53193,276894,Turlock,37.494658,-120.846594
269,Visalia Unified,254473,1200,0,255673,20947,276621,Visalia,36.330228,-119.292058
270,Greenfield Union Elementary,218400,6000,0,224400,51111,275511,Greenfield,36.3208,-121.243814
271,Solana Beach Elementary,219300,0,0,219300,55605,274905,Solana Beach,32.991156,-117.271147
272,Newman-Crows Landing Unified,214752,17537,0,232289,40281,272571,Newman,37.313828,-121.020761
273,Sanger Unified,220532,0,0,220532,51040,271573,Sanger,36.708006,-119.555964
274,Madera County Superintendent of Schools,222438,480,0,222918,47850,270768,Madera,36.961336,-120.060717
275,Lindsay Unified,211362,10684,7411,229457,40718,270175,Lindsay,36.203006,-119.088161
276,Albany City Unified,211122,9973,0,221096,47788,268884,Albany,37.886869,-122.297747
277,Yuba City Unified,213920,6597,0,220517,47611,268129,Yuba City,39.140447,-121.616911
278,Santa Paula Unified,225500,5033,0,230533,37489,268022,Santa Paula,34.354167,-119.059269
279,Eureka City Schools,202486,20259,0,222745,44633,267378,Eureka,40.802072,-124.163672
280,Eureka Union,203858,0,0,203858,41811,245670,Eureka,40.802072,-124.163672
281,Dublin Unified,228066,0,0,228066,38400,266466,Dublin,37.702153,-121.935792
282,Modesto City Schools,175000,3800,0,178800,86489,265289,Modesto,37.639097,-120.996878
283,Folsom-Cordova Unified,249124,0,0,249124,15004,264128,Folsom,38.677958,-121.176058
284,Calexico Unified,200430,3600,0,204030,59247,263277,Calexico,32.678947,-115.498883
285,King City Union,211973,0,0,211973,50274,262247,King City,36.212744,-121.126028
286,Hollister School District,209000,0,0,209000,53148,262148,Hollister,36.852453,-121.401603
287,Duarte Unified,217944,6459,0,224403,37294,261697,Duarte,34.13945,-117.977286
288,Moorpark Unified,204228,0,0,204228,55067,259295,Moorpark,34.144897,-118.268742
289,Pacifica-San Mateo,212040,900,0,212940,45972,258912,Pacifica,37.613825,-122.486919
290,Ripon Unified,197232,14114,0,211347,46962,258309,Ripon,37.739453,-121.135414
291,Gonzales Unified,194854,13053,0,207908,49817,257726,Gonzales,36.506628,-121.444381
292,San Carlos Elementary,207499,0,0,207499,50047,257547,San Carlos,37.507158,-122.260522
293,Marysville Joint Unified,207200,14,0,207214,49791,257005,Marysville,39.145725,-121.591356
294,Azusa Unified,216700,2796,0,219496,36604,256100,Azusa,34.133619,-117.907564
295,Newhall,200000,13130,0,213130,42329,255459,Newark,37.529658,-122.040239
296,Dinuba Unified,194844,12403,0,207247,48209,255456,Dinuba,36.543283,-119.387067
297,Needles Unified,178500,28392,0,206892,47644,254536,Needles,34.848061,-114.614133
298,Baldy View ROP,204472,4309,0,208781,45048,253829,Morro Bay,35.365808,-120.8499
299,Atwater Elementary,204904,1000,0,205904,47816,253720,Atwater,37.347717,-120.609083
300,Shasta County Office of Education,204492,1200,0,205692,46599,252291,Mount Shasta,41.410806,-122.194575
301,Selma Unified,183800,23654,0,207454,44300,251755,Selma,36.570783,-119.612075
302,Torrance Unified,160091,57263,0,217354,34267,251621,Torrance,33.83585,-118.340628
303,Los Banos Unified,195100,1000,0,196100,53447,249547,Los Banos,37.058278,-120.849914
304,Upland Unified,182066,12292,0,194358,55030,249388,Upland,34.097511,-117.648389
305,Livingston Union,191676,8856,0,200532,48624,249156,Livingston,37.386883,-120.723533
306,Dixon Unified,186594,4385,0,190979,57659,248638,Dixon,38.445464,-121.823297
307,Carpinteria Unified,185468,6200,0,191668,54564,246232,Carpinteria,34.398883,-119.518456
308,Atascadero Unified,201047,0,0,201047,43780,244827,Atascadero,35.489417,-120.670725
309,Waterford Unified,188191,13800,0,201991,42364,244355,Waterford,37.641319,-120.760483
310,Firebaugh-Las Deltas Unified,191469,0,0,191469,51990,243460,Firebaugh,36.858839,-120.456008
311,Healdsburg Unified,195271,1500,0,196771,46593,243364,Healdsburg,38.610467,-122.869161
312,Hermosa Beach City Elementary,203409,0,0,203409,39803,243212,Hermosa Beach,33.862236,-118.399519
313,Kingsburg Elementary Charter,183204,16159,0,199364,43744,243108,Kingsburg,36.513839,-119.554017
314,Kingsburg Joint Union High,184207,0,0,184207,46104,230311,Kingsburg,36.513839,-119.554017
315,Mendota Unified,174678,49130,0,223808,16836,240645,Mendota,36.753561,-120.381558
316,Ukiah Unified,197733,0,0,197733,42502,240235,Ukiah,39.150172,-123.207783
317,McFarland Unified,180250,7960,0,188210,50974,239184,McFarland,35.678011,-119.229275
318,Brawley Elementary,185733,10419,0,196152,42117,238270,Brawley,32.978658,-115.530267
319,Pleasant Valley,196920,0,0,196920,41267,238187,Pleasant Hill,37.947978,-122.060797
320,Corcoran Joint Unified,191570,0,0,191570,46338,237908,Corcoran,37.977978,-122.031072
321,Coalinga-Huron Unified,187206,4833,0,192039,45358,237398,Coalinga,36.139678,-120.36015
322,Hanford Joint Union High,183699,4800,0,188499,48667,237166,Hanford,36.32745,-119.645683
323,Vacaville Unified,195723,6600,0,202323,33649,235973,Vacaville,38.356578,-121.987744
324,Placerville Union Elementary,167258,3999,0,171258,63036,234295,Placerville,38.729625,-120.798547
325,Biggs Unified,158671,40917,0,199588,33952,233540,Biggs,39.412389,-121.71275
326,Parlier Unified,174033,14127,0,188161,45173,233334,Parlier,36.611617,-119.527072
327,Susanville Elementary,0,180056,0,180056,51224,231281,Susanville,40.416283,-120.653006
328,Paso Robles Joint Unified,181907,7020,0,188927,42177,231104,Paso Robles,35.632278,-120.664186
329,Escalon Unified,185950,0,0,185950,44576,230527,Escalon,37.797428,-120.996603
330,Gridley Unified,185371,2616,0,187988,41976,229965,Gridley,39.363778,-121.693583
331,Oroville Union High,186929,0,0,186929,42608,229538,Oroville,39.513775,-121.556358
332,Oroville City Elementary,174705,11360,0,186065,42166,228232,Oroville,39.513775,-121.556358
333,Hughson Unified,185357,9099,0,194457,31061,225518,Hughson,37.602725,-120.866481
